"group","method","path","operation_id","deprecated","accounting_category","cli_exposed"
"Root","GET","/app/rest","getRootEndpointsOfRoot","false","ReadOnly","false"
"AgentPool","GET","/app/rest/agentPools","getAllAgentPools","false","ReadOnly","false"
"AgentPool","POST","/app/rest/agentPools","createAgentPool","false","Update","false"
"AgentPool","GET","/app/rest/agentPools/{agentPoolLocator}","getAgentPoolOfAgentPool","false","ReadOnly","false"
"AgentPool","DELETE","/app/rest/agentPools/{agentPoolLocator}","deleteAgentPool","false","Update","false"
"AgentPool","GET","/app/rest/agentPools/{agentPoolLocator}/agents","getAllAgentsFromAgentPool","false","ReadOnly","false"
"AgentPool","POST","/app/rest/agentPools/{agentPoolLocator}/agents","addAgentToAgentPool","false","Update","false"
"AgentPool","POST","/app/rest/agentPools/{agentPoolLocator}/authorizationTokens","generateAutomaticAgentAuthorizationTokens","false","Update","false"
"AgentPool","GET","/app/rest/agentPools/{agentPoolLocator}/projects","getAllProjectsFromAgentPool","false","ReadOnly","false"
"AgentPool","POST","/app/rest/agentPools/{agentPoolLocator}/projects","addProjectToAgentPool","false","Update","false"
"AgentPool","PUT","/app/rest/agentPools/{agentPoolLocator}/projects","setAgentPoolProjects","false","Update","false"
"AgentPool","DELETE","/app/rest/agentPools/{agentPoolLocator}/projects","deleteAllProjectsFromAgentPool","false","Update","false"
"AgentPool","DELETE","/app/rest/agentPools/{agentPoolLocator}/projects/{projectLocator}","deleteProjectFromAgentPool","false","Update","false"
"AgentPool","GET","/app/rest/agentPools/{agentPoolLocator}/{field}","getFieldFromAgentPool","false","ReadOnly","false"
"AgentPool","PUT","/app/rest/agentPools/{agentPoolLocator}/{field}","setAgentPoolField","false","Update","false"
"AgentType","GET","/app/rest/agentTypes/{agentTypeLocator}","getAgentType","false","ReadOnly","false"
"Agent","GET","/app/rest/agents","getAllAgents","false","ReadOnly","true"
"Agent","GET","/app/rest/agents/{agentLocator}","getAgent","false","ReadOnly","true"
"Agent","DELETE","/app/rest/agents/{agentLocator}","deleteAgent","false","Update","false"
"Agent","GET","/app/rest/agents/{agentLocator}/authorizedInfo","getAuthorizedInfo","false","ReadOnly","false"
"Agent","PUT","/app/rest/agents/{agentLocator}/authorizedInfo","setAuthorizedInfo","false","Update","false"
"Agent","GET","/app/rest/agents/{agentLocator}/compatibilityPolicy","getBuildConfigurationRunPolicy","false","ReadOnly","false"
"Agent","PUT","/app/rest/agents/{agentLocator}/compatibilityPolicy","setBuildConfigurationRunPolicy","false","Update","false"
"Agent","GET","/app/rest/agents/{agentLocator}/compatibleBuildTypes","getCompatibleBuildTypes","false","ReadOnly","false"
"Agent","GET","/app/rest/agents/{agentLocator}/enabledInfo","getEnabledInfo","false","ReadOnly","false"
"Agent","PUT","/app/rest/agents/{agentLocator}/enabledInfo","setEnabledInfo","false","Update","false"
"Agent","GET","/app/rest/agents/{agentLocator}/incompatibleBuildTypes","getIncompatibleBuildTypes","false","ReadOnly","false"
"Agent","GET","/app/rest/agents/{agentLocator}/pool","getAgentPool","false","ReadOnly","false"
"Agent","PUT","/app/rest/agents/{agentLocator}/pool","setAgentPool","false","Update","false"
"Agent","GET","/app/rest/agents/{agentLocator}/{field}","getAgentField","false","ReadOnly","false"
"Agent","PUT","/app/rest/agents/{agentLocator}/{field}","setAgentField","false","Update","false"
"Root","GET","/app/rest/apiVersion","getApiVersion","false","ReadOnly","false"
"Audit","GET","/app/rest/audit","getAllAuditEvents","false","ReadOnly","false"
"Audit","GET","/app/rest/audit/{auditEventLocator}","getAuditEvent","false","ReadOnly","false"
"Avatar","PUT","/app/rest/avatars/{userLocator}","putAvatar","false","Update","false"
"Avatar","DELETE","/app/rest/avatars/{userLocator}","deleteAvatar","false","Update","false"
"Avatar","GET","/app/rest/avatars/{userLocator}/{size}/avatar.png","getAvatar","false","ReadOnly","false"
"Avatar","GET","/app/rest/avatars/{userLocator}/{size}/avatar.{hash}.png","getAvatarWithHash","false","ReadOnly","false"
"BuildQueue","GET","/app/rest/buildQueue","getAllQueuedBuilds","false","ReadOnly","true"
"BuildQueue","POST","/app/rest/buildQueue","addBuildToQueue","false","Update","true"
"BuildQueue","DELETE","/app/rest/buildQueue","deleteAllQueuedBuilds","false","Update","false"
"BuildQueue","PUT","/app/rest/buildQueue/order","setQueuedBuildsOrder","false","Update","false"
"BuildQueue","GET","/app/rest/buildQueue/order/{queuePosition}","getQueuedBuildPosition","false","ReadOnly","false"
"BuildQueue","PUT","/app/rest/buildQueue/order/{queuePosition}","setQueuedBuildPosition","false","Update","false"
"BuildQueue","PUT","/app/rest/buildQueue/pausedState","updateBuildQueueStatus","false","Update","false"
"BuildQueue","GET","/app/rest/buildQueue/{buildLocator}/approvalInfo","getApprovalInfo","false","ReadOnly","false"
"BuildQueue","POST","/app/rest/buildQueue/{buildLocator}/approve","approveQueuedBuild","false","Update","false"
"BuildQueue","GET","/app/rest/buildQueue/{buildLocator}/tags","getQueuedBuildTags","false","ReadOnly","false"
"BuildQueue","POST","/app/rest/buildQueue/{buildLocator}/tags","addTagsToBuildOfBuildQueue","false","Update","false"
"BuildQueue","GET","/app/rest/buildQueue/{queuedBuildLocator}","getQueuedBuild","false","ReadOnly","false"
"BuildQueue","POST","/app/rest/buildQueue/{queuedBuildLocator}","cancelQueuedBuild","false","Update","true"
"BuildQueue","DELETE","/app/rest/buildQueue/{queuedBuildLocator}","deleteQueuedBuild","false","Update","false"
"BuildQueue","GET","/app/rest/buildQueue/{queuedBuildLocator}/compatibleAgents","getCompatibleAgentsForBuild","false","ReadOnly","false"
"BuildType","GET","/app/rest/buildTypes","getAllBuildTypes","false","ReadOnly","true"
"BuildType","POST","/app/rest/buildTypes","createBuildType","false","Update","false"
"BuildType","GET","/app/rest/buildTypes/{btLocator}","getBuildType","false","ReadOnly","true"
"BuildType","DELETE","/app/rest/buildTypes/{btLocator}","deleteBuildType","false","Update","false"
"BuildType","GET","/app/rest/buildTypes/{btLocator}/agent-requirements","getAllAgentRequirements","false","ReadOnly","false"
"BuildType","POST","/app/rest/buildTypes/{btLocator}/agent-requirements","addAgentRequirementToBuildType","false","Update","false"
"BuildType","PUT","/app/rest/buildTypes/{btLocator}/agent-requirements","replaceAllAgentRequirements","false","Update","false"
"BuildType","GET","/app/rest/buildTypes/{btLocator}/agent-requirements/{agentRequirementLocator}","getAgentRequirement","false","ReadOnly","false"
"BuildType","PUT","/app/rest/buildTypes/{btLocator}/agent-requirements/{agentRequirementLocator}","replaceAgentRequirement","false","Update","false"
"BuildType","DELETE","/app/rest/buildTypes/{btLocator}/agent-requirements/{agentRequirementLocator}","deleteAgentRequirement","false","Update","false"
"BuildType","GET","/app/rest/buildTypes/{btLocator}/agent-requirements/{agentRequirementLocator}/{fieldName}","getAgentRequirementParameter","false","ReadOnly","false"
"BuildType","PUT","/app/rest/buildTypes/{btLocator}/agent-requirements/{agentRequirementLocator}/{fieldName}","setAgentRequirementParameter","false","Update","false"
"BuildType","GET","/app/rest/buildTypes/{btLocator}/aliases","getAliases","false","ReadOnly","false"
"BuildType","GET","/app/rest/buildTypes/{btLocator}/artifact-dependencies","getAllArtifactDependencies","false","ReadOnly","false"
"BuildType","POST","/app/rest/buildTypes/{btLocator}/artifact-dependencies","addArtifactDependencyToBuildType","false","Update","false"
"BuildType","PUT","/app/rest/buildTypes/{btLocator}/artifact-dependencies","replaceAllArtifactDependencies","false","Update","false"
"BuildType","GET","/app/rest/buildTypes/{btLocator}/artifact-dependencies/{artifactDepLocator}","getArtifactDependency","false","ReadOnly","false"
"BuildType","PUT","/app/rest/buildTypes/{btLocator}/artifact-dependencies/{artifactDepLocator}","replaceArtifactDependency","false","Update","false"
"BuildType","DELETE","/app/rest/buildTypes/{btLocator}/artifact-dependencies/{artifactDepLocator}","deleteArtifactDependency","false","Update","false"
"BuildType","GET","/app/rest/buildTypes/{btLocator}/artifact-dependencies/{artifactDepLocator}/{fieldName}","getArtifactDependencyParameter","false","ReadOnly","false"
"BuildType","PUT","/app/rest/buildTypes/{btLocator}/artifact-dependencies/{artifactDepLocator}/{fieldName}","setArtifactDependencyParameter","false","Update","false"
"BuildType","GET","/app/rest/buildTypes/{btLocator}/branches","getAllBranchesOfBuildType","false","ReadOnly","false"
"BuildType","GET","/app/rest/buildTypes/{btLocator}/buildTags","getBuildTypeBuildTags","false","ReadOnly","false"
"BuildType","GET","/app/rest/buildTypes/{btLocator}/builds","getBuildTypeBuilds","false","ReadOnly","false"
"BuildType","GET","/app/rest/buildTypes/{btLocator}/features","getAllBuildFeatures","false","ReadOnly","false"
"BuildType","POST","/app/rest/buildTypes/{btLocator}/features","addBuildFeatureToBuildType","false","Update","false"
"BuildType","PUT","/app/rest/buildTypes/{btLocator}/features","replaceAllBuildFeatures","false","Update","false"
"BuildType","GET","/app/rest/buildTypes/{btLocator}/features/{featureId}","getBuildFeature","false","ReadOnly","false"
"BuildType","PUT","/app/rest/buildTypes/{btLocator}/features/{featureId}","replaceBuildFeature","false","Update","false"
"BuildType","DELETE","/app/rest/buildTypes/{btLocator}/features/{featureId}","deleteFeatureOfBuildType","false","Update","false"
"BuildType","GET","/app/rest/buildTypes/{btLocator}/features/{featureId}/parameters","getAllBuildFeatureParameters","false","ReadOnly","false"
"BuildType","PUT","/app/rest/buildTypes/{btLocator}/features/{featureId}/parameters","replaceBuildFeatureParameters","false","Update","false"
"BuildType","GET","/app/rest/buildTypes/{btLocator}/features/{featureId}/parameters/{parameterName}","getBuildFeatureParameter","false","ReadOnly","false"
"BuildType","PUT","/app/rest/buildTypes/{btLocator}/features/{featureId}/parameters/{parameterName}","addParameterToBuildFeature","false","Update","false"
"BuildType","GET","/app/rest/buildTypes/{btLocator}/features/{featureId}/{name}","getBuildFeatureSetting","false","ReadOnly","false"
"BuildType","PUT","/app/rest/buildTypes/{btLocator}/features/{featureId}/{name}","setBuildFeatureParameter","false","Update","false"
"BuildType","GET","/app/rest/buildTypes/{btLocator}/investigations","getAllInvestigationsOfBuildType","false","ReadOnly","false"
"BuildType","POST","/app/rest/buildTypes/{btLocator}/move","moveBuildType","false","Update","false"
"BuildType","GET","/app/rest/buildTypes/{btLocator}/output-parameters","getBuildParametersOfBuildType","false","ReadOnly","false"
"BuildType","POST","/app/rest/buildTypes/{btLocator}/output-parameters","createBuildParameterOfBuildType","false","Update","false"
"BuildType","PUT","/app/rest/buildTypes/{btLocator}/output-parameters","updateBuildParametersOfBuildType","false","Update","false"
"BuildType","DELETE","/app/rest/buildTypes/{btLocator}/output-parameters","deleteBuildParametersOfBuildType","false","Update","false"
"BuildType","GET","/app/rest/buildTypes/{btLocator}/output-parameters/{name}","getBuildParameterOfBuildType","false","ReadOnly","false"
"BuildType","PUT","/app/rest/buildTypes/{btLocator}/output-parameters/{name}","updateBuildParameterOfBuildType","false","Update","false"
"BuildType","DELETE","/app/rest/buildTypes/{btLocator}/output-parameters/{name}","deleteBuildParameterOfBuildType","false","Update","false"
"BuildType","GET","/app/rest/buildTypes/{btLocator}/output-parameters/{name}/value","getBuildParameterValueOfBuildType","false","ReadOnly","false"
"BuildType","PUT","/app/rest/buildTypes/{btLocator}/output-parameters/{name}/value","updateBuildParameterValueOfBuildType","false","Update","false"
"BuildType","GET","/app/rest/buildTypes/{btLocator}/parameters","getBuildParametersOfBuildType","false","ReadOnly","false"
"BuildType","POST","/app/rest/buildTypes/{btLocator}/parameters","createBuildParameterOfBuildType","false","Update","false"
"BuildType","PUT","/app/rest/buildTypes/{btLocator}/parameters","updateBuildParametersOfBuildType","false","Update","false"
"BuildType","DELETE","/app/rest/buildTypes/{btLocator}/parameters","deleteBuildParametersOfBuildType","false","Update","false"
"BuildType","GET","/app/rest/buildTypes/{btLocator}/parameters/{name}","getBuildParameterOfBuildType","false","ReadOnly","false"
"BuildType","PUT","/app/rest/buildTypes/{btLocator}/parameters/{name}","updateBuildParameterOfBuildType","false","Update","false"
"BuildType","DELETE","/app/rest/buildTypes/{btLocator}/parameters/{name}","deleteBuildParameterOfBuildType","false","Update","false"
"BuildType","GET","/app/rest/buildTypes/{btLocator}/parameters/{name}/type","getBuildParameterTypeOfBuildType","false","ReadOnly","false"
"BuildType","PUT","/app/rest/buildTypes/{btLocator}/parameters/{name}/type","updateBuildParameterTypeOfBuildType","false","Update","false"
"BuildType","GET","/app/rest/buildTypes/{btLocator}/parameters/{name}/type/rawValue","getBuildParameterSpecificationOfBuildType","false","ReadOnly","false"
"BuildType","PUT","/app/rest/buildTypes/{btLocator}/parameters/{name}/type/rawValue","updateBuildParameterSpecificationOfBuildType","false","Update","false"
"BuildType","GET","/app/rest/buildTypes/{btLocator}/parameters/{name}/value","getBuildParameterValueOfBuildType","false","ReadOnly","false"
"BuildType","PUT","/app/rest/buildTypes/{btLocator}/parameters/{name}/value","updateBuildParameterValueOfBuildType","false","Update","false"
"BuildType","GET","/app/rest/buildTypes/{btLocator}/settingsFile","getBuildTypeSettingsFile","false","ReadOnly","false"
"BuildType","GET","/app/rest/buildTypes/{btLocator}/snapshot-dependencies","getAllSnapshotDependencies","false","ReadOnly","false"
"BuildType","POST","/app/rest/buildTypes/{btLocator}/snapshot-dependencies","addSnapshotDependencyToBuildType","false","Update","false"
"BuildType","PUT","/app/rest/buildTypes/{btLocator}/snapshot-dependencies","replaceAllSnapshotDependencies","false","Update","false"
"BuildType","GET","/app/rest/buildTypes/{btLocator}/snapshot-dependencies/{snapshotDepLocator}","getSnapshotDependency","false","ReadOnly","false"
"BuildType","PUT","/app/rest/buildTypes/{btLocator}/snapshot-dependencies/{snapshotDepLocator}","replaceSnapshotDependency","false","Update","false"
"BuildType","DELETE","/app/rest/buildTypes/{btLocator}/snapshot-dependencies/{snapshotDepLocator}","deleteSnapshotDependency","false","Update","false"
"BuildType","GET","/app/rest/buildTypes/{btLocator}/steps","getAllBuildSteps","false","ReadOnly","false"
"BuildType","POST","/app/rest/buildTypes/{btLocator}/steps","addBuildStepToBuildType","false","Update","false"
"BuildType","PUT","/app/rest/buildTypes/{btLocator}/steps","replaceAllBuildSteps","false","Update","false"
"BuildType","GET","/app/rest/buildTypes/{btLocator}/steps/{stepId}","getBuildStep","false","ReadOnly","false"
"BuildType","PUT","/app/rest/buildTypes/{btLocator}/steps/{stepId}","replaceBuildStep","false","Update","false"
"BuildType","DELETE","/app/rest/buildTypes/{btLocator}/steps/{stepId}","deleteBuildStep","false","Update","false"
"BuildType","GET","/app/rest/buildTypes/{btLocator}/steps/{stepId}/parameters","getAllBuildStepParameters","false","ReadOnly","false"
"BuildType","PUT","/app/rest/buildTypes/{btLocator}/steps/{stepId}/parameters","deleteBuildStepParameters","false","Update","false"
"BuildType","GET","/app/rest/buildTypes/{btLocator}/steps/{stepId}/parameters/{parameterName}","getBuildStepParameter","false","ReadOnly","false"
"BuildType","PUT","/app/rest/buildTypes/{btLocator}/steps/{stepId}/parameters/{parameterName}","addParameterToBuildStep","false","Update","false"
"BuildType","GET","/app/rest/buildTypes/{btLocator}/steps/{stepId}/{fieldName}","getBuildStepSetting","false","ReadOnly","false"
"BuildType","PUT","/app/rest/buildTypes/{btLocator}/steps/{stepId}/{fieldName}","setBuildStepParameter","false","Update","false"
"BuildType","GET","/app/rest/buildTypes/{btLocator}/templates","getAllBuildTemplates","false","ReadOnly","false"
"BuildType","POST","/app/rest/buildTypes/{btLocator}/templates","addBuildTemplate","false","Update","false"
"BuildType","PUT","/app/rest/buildTypes/{btLocator}/templates","setBuildTypeTemplates","false","Update","false"
"BuildType","DELETE","/app/rest/buildTypes/{btLocator}/templates","removeAllTemplates","false","Update","false"
"BuildType","GET","/app/rest/buildTypes/{btLocator}/templates/{templateLocator}","getBuildTemplate","false","ReadOnly","false"
"BuildType","DELETE","/app/rest/buildTypes/{btLocator}/templates/{templateLocator}","removeTemplate","false","Update","false"
"BuildType","GET","/app/rest/buildTypes/{btLocator}/triggers","getAllTriggers","false","ReadOnly","false"
"BuildType","POST","/app/rest/buildTypes/{btLocator}/triggers","addTriggerToBuildType","false","Update","false"
"BuildType","PUT","/app/rest/buildTypes/{btLocator}/triggers","replaceAllTriggers","false","Update","false"
"BuildType","GET","/app/rest/buildTypes/{btLocator}/triggers/{triggerLocator}","getTrigger","false","ReadOnly","false"
"BuildType","PUT","/app/rest/buildTypes/{btLocator}/triggers/{triggerLocator}","replaceTrigger","false","Update","false"
"BuildType","DELETE","/app/rest/buildTypes/{btLocator}/triggers/{triggerLocator}","deleteTrigger","false","Update","false"
"BuildType","GET","/app/rest/buildTypes/{btLocator}/triggers/{triggerLocator}/{fieldName}","getTriggerParameter","false","ReadOnly","false"
"BuildType","PUT","/app/rest/buildTypes/{btLocator}/triggers/{triggerLocator}/{fieldName}","setTriggerParameter","false","Update","false"
"BuildType","GET","/app/rest/buildTypes/{btLocator}/vcs-root-entries","getAllVcsRootsOfBuildType","false","ReadOnly","false"
"BuildType","POST","/app/rest/buildTypes/{btLocator}/vcs-root-entries","addVcsRootToBuildType","false","Update","false"
"BuildType","PUT","/app/rest/buildTypes/{btLocator}/vcs-root-entries","replaceAllVcsRoots","false","Update","false"
"BuildType","GET","/app/rest/buildTypes/{btLocator}/vcs-root-entries/{vcsRootLocator}","getVcsRoot","false","ReadOnly","false"
"BuildType","PUT","/app/rest/buildTypes/{btLocator}/vcs-root-entries/{vcsRootLocator}","updateBuildTypeVcsRoot","false","Update","false"
"BuildType","DELETE","/app/rest/buildTypes/{btLocator}/vcs-root-entries/{vcsRootLocator}","deleteVcsRootOfBuildType","false","Update","false"
"BuildType","GET","/app/rest/buildTypes/{btLocator}/vcs-root-entries/{vcsRootLocator}/checkout-rules","getVcsRootCheckoutRules","false","ReadOnly","false"
"BuildType","PUT","/app/rest/buildTypes/{btLocator}/vcs-root-entries/{vcsRootLocator}/checkout-rules","updateBuildTypeVcsRootCheckoutRules","false","Update","false"
"BuildType","GET","/app/rest/buildTypes/{btLocator}/vcs/files/latest","getFilesListOfBuildType","false","ReadOnly","false"
"BuildType","GET","/app/rest/buildTypes/{btLocator}/vcs/files/latest/archived{path}","getZippedFileOfBuildType","false","ReadOnly","false"
"BuildType","GET","/app/rest/buildTypes/{btLocator}/vcs/files/latest/files{path}","downloadFileOfBuildType","false","ReadOnly","false"
"BuildType","GET","/app/rest/buildTypes/{btLocator}/vcs/files/latest/metadata{path}","getFileMetadataOfBuildType","false","ReadOnly","false"
"BuildType","GET","/app/rest/buildTypes/{btLocator}/vcs/files/latest/{path}","getFilesListForSubpathOfBuildType","false","ReadOnly","false"
"BuildType","GET","/app/rest/buildTypes/{btLocator}/vcsRootInstances","getVcsRootInstancesOfBuildType","false","ReadOnly","false"
"BuildType","GET","/app/rest/buildTypes/{btLocator}/{field}","getBuildTypeField","false","ReadOnly","false"
"BuildType","PUT","/app/rest/buildTypes/{btLocator}/{field}","setBuildTypeField","false","Update","false"
"Build","GET","/app/rest/builds","getAllBuilds","false","ReadOnly","true"
"Build","GET","/app/rest/builds/aggregated/{buildLocator}/status","getAggregatedBuildStatus","false","ReadOnly","false"
"Build","GET","/app/rest/builds/aggregated/{buildLocator}/statusIcon{suffix}","getAggregatedBuildStatusIcon","false","ReadOnly","false"
"Build","GET","/app/rest/builds/multiple/{buildLocator}","getMultipleBuilds","false","ReadOnly","false"
"Build","POST","/app/rest/builds/multiple/{buildLocator}","cancelMultiple","false","Update","false"
"Build","DELETE","/app/rest/builds/multiple/{buildLocator}","deleteMultipleBuilds","false","Update","false"
"Build","PUT","/app/rest/builds/multiple/{buildLocator}/comment","setMultipleBuildComments","false","Update","false"
"Build","DELETE","/app/rest/builds/multiple/{buildLocator}/comment","deleteMultipleBuildComments","false","Update","false"
"Build","PUT","/app/rest/builds/multiple/{buildLocator}/pinInfo","pinMultipleBuilds","false","Update","false"
"Build","POST","/app/rest/builds/multiple/{buildLocator}/tags","addTagsToMultipleBuilds","false","Update","false"
"Build","DELETE","/app/rest/builds/multiple/{buildLocator}/tags","removeMultipleBuildTags","false","Update","false"
"Build","GET","/app/rest/builds/{buildLocator}","getBuild","false","ReadOnly","true"
"Build","POST","/app/rest/builds/{buildLocator}","cancelBuild","false","Update","true"
"Build","DELETE","/app/rest/builds/{buildLocator}","deleteBuild","false","Update","false"
"Build","GET","/app/rest/builds/{buildLocator}/artifactDependencyChanges","getArtifactDependencyChanges","false","ReadOnly","false"
"Build","GET","/app/rest/builds/{buildLocator}/artifacts","getFilesListOfBuild","false","ReadOnly","false"
"Build","GET","/app/rest/builds/{buildLocator}/artifacts/archived{path}","getZippedFileOfBuild","false","ReadOnly","false"
"Build","GET","/app/rest/builds/{buildLocator}/artifacts/files{path}","downloadFileOfBuild","false","ReadOnly","false"
"Build","GET","/app/rest/builds/{buildLocator}/artifacts/metadata{path}","getFileMetadataOfBuild","false","ReadOnly","false"
"Build","GET","/app/rest/builds/{buildLocator}/artifacts/{path}","getFilesListForSubpathOfBuild","false","ReadOnly","false"
"Build","GET","/app/rest/builds/{buildLocator}/artifactsDirectory","getArtifactsDirectory","false","ReadOnly","false"
"Build","DELETE","/app/rest/builds/{buildLocator}/caches/finishProperties","resetBuildFinishProperties","false","Update","false"
"Build","GET","/app/rest/builds/{buildLocator}/canceledInfo","getCanceledInfo","false","ReadOnly","false"
"Build","PUT","/app/rest/builds/{buildLocator}/comment","setBuildComment","false","Update","false"
"Build","DELETE","/app/rest/builds/{buildLocator}/comment","deleteBuildComment","false","Update","false"
"Build","PUT","/app/rest/builds/{buildLocator}/finish","setFinishedTime","false","Update","false"
"Build","GET","/app/rest/builds/{buildLocator}/finishDate","getBuildFinishDate","false","ReadOnly","false"
"Build","PUT","/app/rest/builds/{buildLocator}/finishDate","setBuildFinishDate","false","Update","false"
"Build","POST","/app/rest/builds/{buildLocator}/log","addLogMessageToBuild","false","Update","false"
"Build","GET","/app/rest/builds/{buildLocator}/number","getBuildNumber","false","ReadOnly","false"
"Build","PUT","/app/rest/builds/{buildLocator}/number","setBuildNumber","false","Update","false"
"Build","GET","/app/rest/builds/{buildLocator}/output-parameters","getBuildOutputParametersOfBuild","false","ReadOnly","false"
"Build","GET","/app/rest/builds/{buildLocator}/output-parameters/{propertyName}","getBuildOutputParameters","false","ReadOnly","false"
"Build","GET","/app/rest/builds/{buildLocator}/pinInfo","getBuildPinInfo","false","ReadOnly","false"
"Build","PUT","/app/rest/builds/{buildLocator}/pinInfo","setBuildPinInfo","false","Update","false"
"Build","GET","/app/rest/builds/{buildLocator}/problemOccurrences","getBuildProblems","false","ReadOnly","false"
"Build","POST","/app/rest/builds/{buildLocator}/problemOccurrences","addProblemToBuild","false","Update","false"
"Build","GET","/app/rest/builds/{buildLocator}/relatedIssues","getBuildRelatedIssues","false","ReadOnly","false"
"Build","GET","/app/rest/builds/{buildLocator}/resolved/{value}","getBuildResolved","false","ReadOnly","false"
"Build","GET","/app/rest/builds/{buildLocator}/resulting-properties","getBuildActualParameters","false","ReadOnly","false"
"Build","GET","/app/rest/builds/{buildLocator}/resulting-properties/{propertyName}","getBuildResultingProperties","false","ReadOnly","false"
"Build","PUT","/app/rest/builds/{buildLocator}/runningData","markBuildAsRunning","false","Update","false"
"Build","GET","/app/rest/builds/{buildLocator}/sources/files/{fileName}","getBuildSourceFile","false","ReadOnly","false"
"Build","GET","/app/rest/builds/{buildLocator}/statistics","getBuildStatisticValues","false","ReadOnly","false"
"Build","GET","/app/rest/builds/{buildLocator}/statistics/{name}","getBuildStatisticValue","false","ReadOnly","false"
"Build","GET","/app/rest/builds/{buildLocator}/status","getBuildStatus","false","ReadOnly","false"
"Build","POST","/app/rest/builds/{buildLocator}/status","setBuildStatus","false","Update","false"
"Build","GET","/app/rest/builds/{buildLocator}/statusIcon{suffix}","getBuildStatusIcon","false","ReadOnly","false"
"Build","GET","/app/rest/builds/{buildLocator}/statusText","getBuildStatusText","false","ReadOnly","false"
"Build","PUT","/app/rest/builds/{buildLocator}/statusText","setBuildStatusText","false","Update","false"
"Build","GET","/app/rest/builds/{buildLocator}/tags","getBuildTags","false","ReadOnly","false"
"Build","POST","/app/rest/builds/{buildLocator}/tags","addTagsToBuild","false","Update","false"
"Build","PUT","/app/rest/builds/{buildLocator}/tags","setBuildTags","false","Update","false"
"Build","GET","/app/rest/builds/{buildLocator}/testOccurrences","getBuildTestOccurrences","false","ReadOnly","false"
"Build","GET","/app/rest/builds/{buildLocator}/vcsLabels","getBuildVcsLabels","false","ReadOnly","false"
"Build","POST","/app/rest/builds/{buildLocator}/vcsLabels","addBuildVcsLabel","false","Update","false"
"Build","GET","/app/rest/builds/{buildLocator}/{field}","getBuildField","false","ReadOnly","false"
"Change","GET","/app/rest/changes","getAllChanges","false","ReadOnly","true"
"Change","GET","/app/rest/changes/{changeLocator}","getChange","false","ReadOnly","false"
"Change","GET","/app/rest/changes/{changeLocator}/attributes","getChangeAttributes","false","ReadOnly","false"
"Change","GET","/app/rest/changes/{changeLocator}/duplicates","getChangeDuplicates","false","ReadOnly","false"
"Change","GET","/app/rest/changes/{changeLocator}/firstBuilds","getChangeFirstBuilds","false","ReadOnly","false"
"Change","GET","/app/rest/changes/{changeLocator}/issues","getChangeIssue","false","ReadOnly","false"
"Change","GET","/app/rest/changes/{changeLocator}/parentChanges","getChangeParentChanges","false","ReadOnly","false"
"Change","GET","/app/rest/changes/{changeLocator}/parentRevisions","getChangeParentRevisions","false","ReadOnly","false"
"Change","GET","/app/rest/changes/{changeLocator}/vcsRootInstance","getChangeVcsRoot","false","ReadOnly","false"
"Change","GET","/app/rest/changes/{changeLocator}/{field}","getChangeField","false","ReadOnly","false"
"CloudInstance","GET","/app/rest/cloud/images","getAllCloudImages","false","ReadOnly","false"
"CloudInstance","GET","/app/rest/cloud/images/{imageLocator}","getCloudImage","false","ReadOnly","false"
"CloudInstance","GET","/app/rest/cloud/instances","getAllCloudInstances","false","ReadOnly","false"
"CloudInstance","POST","/app/rest/cloud/instances","startInstance","false","Update","false"
"CloudInstance","GET","/app/rest/cloud/instances/{instanceLocator}","getCloudInstance","false","ReadOnly","false"
"CloudInstance","DELETE","/app/rest/cloud/instances/{instanceLocator}","stopInstance","false","Update","false"
"CloudInstance","POST","/app/rest/cloud/instances/{instanceLocator}/actions/forceStop","forseTerminateInstance","false","Update","false"
"CloudInstance","POST","/app/rest/cloud/instances/{instanceLocator}/actions/stop","terminateInstance","false","Update","false"
"CloudInstance","GET","/app/rest/cloud/profiles","getAllCloudProfiles","false","ReadOnly","false"
"CloudInstance","GET","/app/rest/cloud/profiles/{profileLocator}","getCloudProfile","false","ReadOnly","false"
"DeploymentDashboard","GET","/app/rest/deploymentDashboards","getAllDashboards","false","ReadOnly","false"
"DeploymentDashboard","POST","/app/rest/deploymentDashboards","createDashboard","false","Update","false"
"DeploymentDashboard","GET","/app/rest/deploymentDashboards/{deploymentDashboardLocator}","getDashboard","false","ReadOnly","false"
"DeploymentDashboard","DELETE","/app/rest/deploymentDashboards/{deploymentDashboardLocator}","deleteDashboard","false","Update","false"
"DeploymentDashboard","GET","/app/rest/deploymentDashboards/{deploymentDashboardLocator}/instances","getInstances","false","ReadOnly","false"
"DeploymentDashboard","POST","/app/rest/deploymentDashboards/{deploymentDashboardLocator}/instances","createInstance","false","Update","false"
"DeploymentDashboard","GET","/app/rest/deploymentDashboards/{deploymentDashboardLocator}/instances/{deploymentInstanceLocator}","getInstance","false","ReadOnly","false"
"DeploymentDashboard","POST","/app/rest/deploymentDashboards/{deploymentDashboardLocator}/instances/{deploymentInstanceLocator}","reportNewDeploymentForInstance","false","Update","false"
"DeploymentDashboard","DELETE","/app/rest/deploymentDashboards/{deploymentDashboardLocator}/instances/{deploymentInstanceLocator}","deleteInstance","false","Update","false"
"health","GET","/app/rest/health","getHealthItems","false","ReadOnly","false"
"health","GET","/app/rest/health/category","getCategories","false","ReadOnly","false"
"health","GET","/app/rest/health/category/{locator}","getSingleCategory","false","ReadOnly","false"
"health","GET","/app/rest/health/{locator}","getSingleHealthItem","false","ReadOnly","false"
"Root","GET","/app/rest/info","getPluginInfo","false","ReadOnly","false"
"Investigation","GET","/app/rest/investigations","getAllInvestigations","false","ReadOnly","false"
"Investigation","POST","/app/rest/investigations","addInvestigation","false","Update","false"
"Investigation","POST","/app/rest/investigations/multiple","addMultipleInvestigations","false","Update","false"
"Investigation","GET","/app/rest/investigations/{investigationLocator}","getInvestigation","false","ReadOnly","false"
"Investigation","PUT","/app/rest/investigations/{investigationLocator}","replaceInvestigation","false","Update","false"
"Investigation","DELETE","/app/rest/investigations/{investigationLocator}","deleteInvestigation","false","Update","false"
"Mute","GET","/app/rest/mutes","getAllMutedTests","false","ReadOnly","false"
"Mute","POST","/app/rest/mutes","muteTest","false","Update","false"
"Mute","POST","/app/rest/mutes/multiple","muteMultipleTests","false","Update","false"
"Mute","DELETE","/app/rest/mutes/multiple","unmuteMultipleTests","false","Update","false"
"Mute","GET","/app/rest/mutes/{muteLocator}","getMutedTest","false","ReadOnly","false"
"Mute","DELETE","/app/rest/mutes/{muteLocator}","unmuteTest","false","Update","false"
"ProblemOccurrence","GET","/app/rest/problemOccurrences","getAllBuildProblemOccurrences","false","ReadOnly","true"
"ProblemOccurrence","GET","/app/rest/problemOccurrences/{problemLocator}","getBuildProblemOccurrence","false","ReadOnly","false"
"Problem","GET","/app/rest/problems","getAllBuildProblems","false","ReadOnly","false"
"Problem","GET","/app/rest/problems/{problemLocator}","getBuildProblem","false","ReadOnly","false"
"Project","GET","/app/rest/projects","getAllProjects","false","ReadOnly","true"
"Project","POST","/app/rest/projects","addProject","false","Update","false"
"VersionedSettings","GET","/app/rest/projects/{locator}/versionedSettings/affectedProjects","getVersionedSettingsProjectsToLoad","false","ReadOnly","false"
"VersionedSettings","POST","/app/rest/projects/{locator}/versionedSettings/checkForChanges","checkForVersionedSettingsChanges","false","Update","false"
"VersionedSettings","POST","/app/rest/projects/{locator}/versionedSettings/commitCurrentSettings","commitCurrentSettings","false","Update","false"
"VersionedSettings","GET","/app/rest/projects/{locator}/versionedSettings/config","getVersionedSettingsConfig","false","ReadOnly","false"
"VersionedSettings","PUT","/app/rest/projects/{locator}/versionedSettings/config","setVersionedSettingsConfig","false","Update","false"
"VersionedSettings","GET","/app/rest/projects/{locator}/versionedSettings/config/effective","getEffectiveVersionedSettingsConfig","false","ReadOnly","false"
"VersionedSettings","GET","/app/rest/projects/{locator}/versionedSettings/config/parameters/{name}","getVersionedSettingsConfigParameter","false","ReadOnly","false"
"VersionedSettings","PUT","/app/rest/projects/{locator}/versionedSettings/config/parameters/{name}","setVersionedSettingsConfigParameter","false","Update","false"
"VersionedSettings","DELETE","/app/rest/projects/{locator}/versionedSettings/config/parameters/{name}","deleteVersionedSettingsConfigParameter","false","Update","false"
"VersionedSettings","GET","/app/rest/projects/{locator}/versionedSettings/contextParameters","getVersionedSettingsContextParameters","false","ReadOnly","false"
"VersionedSettings","PUT","/app/rest/projects/{locator}/versionedSettings/contextParameters","setVersionedSettingsContextParameters","false","Update","false"
"VersionedSettings","POST","/app/rest/projects/{locator}/versionedSettings/loadSettings","loadSettingsFromVCS","false","Update","false"
"VersionedSettings","GET","/app/rest/projects/{locator}/versionedSettings/status","getVersionedSettingsStatus","false","ReadOnly","false"
"VersionedSettings","GET","/app/rest/projects/{locator}/versionedSettings/tokens","getVersionedSettingsTokens","false","ReadOnly","false"
"VersionedSettings","POST","/app/rest/projects/{locator}/versionedSettings/tokens","addVersionedSettingsTokens","false","Update","false"
"VersionedSettings","DELETE","/app/rest/projects/{locator}/versionedSettings/tokens","deleteVersionedSettingsTokens","false","Update","false"
"Project","GET","/app/rest/projects/{projectLocator}","getProject","false","ReadOnly","true"
"Project","DELETE","/app/rest/projects/{projectLocator}","deleteProject","false","Update","false"
"Project","GET","/app/rest/projects/{projectLocator}/agentPools","getAgentPoolsProject","false","ReadOnly","false"
"Project","POST","/app/rest/projects/{projectLocator}/agentPools","addAgentPoolsProject","false","Update","false"
"Project","PUT","/app/rest/projects/{projectLocator}/agentPools","setAgentPoolsProject","false","Update","false"
"Project","DELETE","/app/rest/projects/{projectLocator}/agentPools/{agentPoolLocator}","removeProjectFromAgentPool","false","Update","false"
"Project","GET","/app/rest/projects/{projectLocator}/branches","getAllBranches","false","ReadOnly","false"
"Project","POST","/app/rest/projects/{projectLocator}/buildTypes","addBuildType","false","Update","false"
"Project","GET","/app/rest/projects/{projectLocator}/defaultTemplate","getDefaultTemplate","false","ReadOnly","false"
"Project","PUT","/app/rest/projects/{projectLocator}/defaultTemplate","setDefaultTemplate","false","Update","false"
"Project","DELETE","/app/rest/projects/{projectLocator}/defaultTemplate","removeDefaultTemplate","false","Update","false"
"Project","GET","/app/rest/projects/{projectLocator}/defaultValueSets","getDefaultValueSets","false","ReadOnly","false"
"Project","GET","/app/rest/projects/{projectLocator}/deploymentDashboards","getDeploymentDashboardsInProject","false","ReadOnly","false"
"Project","GET","/app/rest/projects/{projectLocator}/deploymentDashboards/{dashboardLocator}","getDeploymentDashboardInProject","false","ReadOnly","false"
"Project","GET","/app/rest/projects/{projectLocator}/order/buildTypes","getAllBuildTypesOrdered","false","ReadOnly","false"
"Project","PUT","/app/rest/projects/{projectLocator}/order/buildTypes","setBuildTypesOrder","false","Update","false"
"Project","GET","/app/rest/projects/{projectLocator}/order/projects","getAllSubprojectsOrdered","false","ReadOnly","false"
"Project","PUT","/app/rest/projects/{projectLocator}/order/projects","setSubprojectsOrder","false","Update","false"
"Project","GET","/app/rest/projects/{projectLocator}/parameters","getBuildParameters","false","ReadOnly","false"
"Project","POST","/app/rest/projects/{projectLocator}/parameters","createBuildParameter","false","Update","false"
"Project","PUT","/app/rest/projects/{projectLocator}/parameters","updateBuildParameters","false","Update","false"
"Project","DELETE","/app/rest/projects/{projectLocator}/parameters","deleteBuildParameters","false","Update","false"
"Project","GET","/app/rest/projects/{projectLocator}/parameters/{name}","getBuildParameter","false","ReadOnly","false"
"Project","PUT","/app/rest/projects/{projectLocator}/parameters/{name}","updateBuildParameter","false","Update","false"
"Project","DELETE","/app/rest/projects/{projectLocator}/parameters/{name}","deleteBuildParameter","false","Update","false"
"Project","GET","/app/rest/projects/{projectLocator}/parameters/{name}/type","getBuildParameterType","false","ReadOnly","false"
"Project","PUT","/app/rest/projects/{projectLocator}/parameters/{name}/type","updateBuildParameterType","false","Update","false"
"Project","GET","/app/rest/projects/{projectLocator}/parameters/{name}/type/rawValue","getBuildParameterSpecification","false","ReadOnly","false"
"Project","PUT","/app/rest/projects/{projectLocator}/parameters/{name}/type/rawValue","updateBuildParameterSpecification","false","Update","false"
"Project","GET","/app/rest/projects/{projectLocator}/parameters/{name}/value","getBuildParameterValue","false","ReadOnly","false"
"Project","PUT","/app/rest/projects/{projectLocator}/parameters/{name}/value","updateBuildParameterValue","false","Update","false"
"Project","GET","/app/rest/projects/{projectLocator}/parentProject","getProjectParentProject","false","ReadOnly","false"
"Project","PUT","/app/rest/projects/{projectLocator}/parentProject","setParentProject","false","Update","false"
"Project","GET","/app/rest/projects/{projectLocator}/projectFeatures","getFeatures","false","ReadOnly","false"
"Project","POST","/app/rest/projects/{projectLocator}/projectFeatures","addFeature","false","Update","false"
"Project","PUT","/app/rest/projects/{projectLocator}/projectFeatures","updateFeatures","false","Update","false"
"Project","GET","/app/rest/projects/{projectLocator}/projectFeatures/{featureLocator}","getFeature","false","ReadOnly","false"
"Project","PUT","/app/rest/projects/{projectLocator}/projectFeatures/{featureLocator}","updateFeature","false","Update","false"
"Project","DELETE","/app/rest/projects/{projectLocator}/projectFeatures/{featureLocator}","deleteFeature","false","Update","false"
"Project","POST","/app/rest/projects/{projectLocator}/secure/tokens","addSecureToken","false","Update","false"
"Project","GET","/app/rest/projects/{projectLocator}/secure/values/{token}","getSecureValue","false","ReadOnly","false"
"Project","GET","/app/rest/projects/{projectLocator}/settingsFile","getProjectSettingsFile","false","ReadOnly","false"
"Project","GET","/app/rest/projects/{projectLocator}/templates","getProjectTemplates","false","ReadOnly","false"
"Project","POST","/app/rest/projects/{projectLocator}/templates","addTemplate","false","Update","false"
"Project","GET","/app/rest/projects/{projectLocator}/{field}","getProjectField","false","ReadOnly","false"
"Project","PUT","/app/rest/projects/{projectLocator}/{field}","setProjectField","false","Update","false"
"Role","GET","/app/rest/roles","getRoles","false","ReadOnly","false"
"Role","POST","/app/rest/roles","createRole","false","Update","false"
"Role","GET","/app/rest/roles/id:{id}","getRole","false","ReadOnly","false"
"Role","DELETE","/app/rest/roles/id:{id}","deleteRole","false","Update","false"
"Role","PUT","/app/rest/roles/id:{roleId}/included/{includedId}","addIncludedRole","false","Update","false"
"Role","DELETE","/app/rest/roles/id:{roleId}/included/{includedId}","removeIncludedRole","false","Update","false"
"Role","PUT","/app/rest/roles/id:{roleId}/permissions/{permissionId}","addPermission","false","Update","false"
"Role","DELETE","/app/rest/roles/id:{roleId}/permissions/{permissionId}","removePermission","false","Update","false"
"Server","GET","/app/rest/server","getServerInfo","false","ReadOnly","true"
"Server Authentication Settings","GET","/app/rest/server/authSettings","getAuthSettings","false","ReadOnly","false"
"Server Authentication Settings","PUT","/app/rest/server/authSettings","setAuthSettings","false","Update","false"
"Server","GET","/app/rest/server/backup","getBackupStatus","false","ReadOnly","false"
"Server","POST","/app/rest/server/backup","startBackup","false","Update","false"
"Server","GET","/app/rest/server/cleanup","getCleanupSettings","false","ReadOnly","false"
"Server","PUT","/app/rest/server/cleanup","setCleanupSettings","false","Update","false"
"Server","GET","/app/rest/server/files/{areaId}","getFilesListOfServer","false","ReadOnly","false"
"Server","GET","/app/rest/server/files/{areaId}/archived{path}","getZippedFileOfServer","false","ReadOnly","false"
"Server","GET","/app/rest/server/files/{areaId}/files{path}","downloadFileOfServer","false","ReadOnly","false"
"Server","GET","/app/rest/server/files/{areaId}/metadata{path}","getFileMetadataOfServer","false","ReadOnly","false"
"Server","GET","/app/rest/server/files/{areaId}/{path}","getFilesListForSubpathOfServer","false","ReadOnly","false"
"Global Server Settings","GET","/app/rest/server/globalSettings","getGlobalSettings","false","ReadOnly","false"
"Global Server Settings","PUT","/app/rest/server/globalSettings","setGlobalSettings","false","Update","false"
"Server","GET","/app/rest/server/licensingData","getLicensingData","false","ReadOnly","false"
"Server","GET","/app/rest/server/licensingData/licenseKeys","getLicenseKeys","false","ReadOnly","false"
"Server","POST","/app/rest/server/licensingData/licenseKeys","addLicenseKeys","false","Update","false"
"Server","GET","/app/rest/server/licensingData/licenseKeys/{licenseKey}","getLicenseKey","false","ReadOnly","false"
"Server","DELETE","/app/rest/server/licensingData/licenseKeys/{licenseKey}","deleteLicenseKey","false","Update","false"
"Server","GET","/app/rest/server/metrics","getAllMetrics","false","ReadOnly","false"
"Node","GET","/app/rest/server/nodes","getAllNodes","false","ReadOnly","false"
"Node","GET","/app/rest/server/nodes/{nodeLocator}","getNode","false","ReadOnly","false"
"Node","GET","/app/rest/server/nodes/{nodeLocator}/disabledResponsibilities","getDisabledResponsibilities","false","ReadOnly","false"
"Node","GET","/app/rest/server/nodes/{nodeLocator}/effectiveResponsibilities","getEffectiveResponsibilities","false","ReadOnly","false"
"Node","GET","/app/rest/server/nodes/{nodeLocator}/enabledResponsibilities","getEnabledResponsibilities","false","ReadOnly","false"
"Node","PUT","/app/rest/server/nodes/{nodeLocator}/enabledResponsibilities/{name}","changeNodeResponsibility","false","Update","false"
"Server","GET","/app/rest/server/plugins","getAllPlugins","false","ReadOnly","false"
"Server","GET","/app/rest/server/{field}","getServerField","false","ReadOnly","false"
"TestOccurrence","GET","/app/rest/testOccurrences","getAllTestOccurrences","false","ReadOnly","true"
"TestOccurrence","GET","/app/rest/testOccurrences/{testLocator}","getTestOccurrence","false","ReadOnly","false"
"Test","GET","/app/rest/tests","getTests","false","ReadOnly","false"
"Test","GET","/app/rest/tests/{testLocator}","getTest","false","ReadOnly","false"
"Group","GET","/app/rest/userGroups","getAllGroups","false","ReadOnly","false"
"Group","POST","/app/rest/userGroups","addGroup","false","Update","false"
"Group","GET","/app/rest/userGroups/{groupLocator}","getUserGroupOfGroup","false","ReadOnly","false"
"Group","DELETE","/app/rest/userGroups/{groupLocator}","deleteGroup","false","Update","false"
"Group","GET","/app/rest/userGroups/{groupLocator}/parent-groups","getGroupParentGroups","false","ReadOnly","false"
"Group","PUT","/app/rest/userGroups/{groupLocator}/parent-groups","setGroupParentGroups","false","Update","false"
"Group","GET","/app/rest/userGroups/{groupLocator}/properties","getGroupProperties","false","ReadOnly","false"
"Group","GET","/app/rest/userGroups/{groupLocator}/properties/{name}","getGroupProperty","false","ReadOnly","false"
"Group","PUT","/app/rest/userGroups/{groupLocator}/properties/{name}","setGroupProperty","false","Update","false"
"Group","DELETE","/app/rest/userGroups/{groupLocator}/properties/{name}","removeGroupProperty","false","Update","false"
"Group","GET","/app/rest/userGroups/{groupLocator}/roles","getGroupRoles","false","ReadOnly","false"
"Group","POST","/app/rest/userGroups/{groupLocator}/roles","addRoleToGroup","false","Update","false"
"Group","PUT","/app/rest/userGroups/{groupLocator}/roles","setGroupRoles","false","Update","false"
"Group","GET","/app/rest/userGroups/{groupLocator}/roles/{roleId}/{scope}","getGroupRoleAtScope","false","ReadOnly","false"
"Group","POST","/app/rest/userGroups/{groupLocator}/roles/{roleId}/{scope}","addRoleAtScopeToGroup","false","Update","false"
"Group","DELETE","/app/rest/userGroups/{groupLocator}/roles/{roleId}/{scope}","removeRoleAtScopeFromGroup","false","Update","false"
"User","GET","/app/rest/users","getAllUsers","false","ReadOnly","false"
"User","POST","/app/rest/users","addUser","false","Update","false"
"User","GET","/app/rest/users/{userLocator}","getUser","false","ReadOnly","true"
"User","PUT","/app/rest/users/{userLocator}","replaceUser","false","Update","false"
"User","DELETE","/app/rest/users/{userLocator}","deleteUser","false","Update","false"
"User","DELETE","/app/rest/users/{userLocator}/debug/rememberMe","removeUserRememberMe","false","Update","false"
"User","GET","/app/rest/users/{userLocator}/groups","getAllUserGroups","false","ReadOnly","false"
"User","PUT","/app/rest/users/{userLocator}/groups","setUserGroups","false","Update","false"
"User","GET","/app/rest/users/{userLocator}/groups/{groupLocator}","getUserGroup","false","ReadOnly","false"
"User","DELETE","/app/rest/users/{userLocator}/groups/{groupLocator}","removeUserFromGroup","false","Update","false"
"User","POST","/app/rest/users/{userLocator}/logout","logoutUser","false","Update","false"
"User","GET","/app/rest/users/{userLocator}/permissions","getUserPermissions","false","ReadOnly","false"
"User","GET","/app/rest/users/{userLocator}/properties","getUserProperties","false","ReadOnly","false"
"User","GET","/app/rest/users/{userLocator}/properties/{name}","getUserProperty","false","ReadOnly","false"
"User","PUT","/app/rest/users/{userLocator}/properties/{name}","setUserProperty","false","Update","false"
"User","DELETE","/app/rest/users/{userLocator}/properties/{name}","removeUserProperty","false","Update","false"
"User","GET","/app/rest/users/{userLocator}/roles","getAllUserRoles","false","ReadOnly","false"
"User","POST","/app/rest/users/{userLocator}/roles","addRoleToUser","false","Update","false"
"User","PUT","/app/rest/users/{userLocator}/roles","setUserRoles","false","Update","false"
"User","GET","/app/rest/users/{userLocator}/roles/{roleId}/{scope}","getUserRolesAtScope","false","ReadOnly","false"
"User","PUT","/app/rest/users/{userLocator}/roles/{roleId}/{scope}","addRoleToUserAtScope","false","Update","false"
"User","DELETE","/app/rest/users/{userLocator}/roles/{roleId}/{scope}","removeUserRoleAtScope","false","Update","false"
"User","GET","/app/rest/users/{userLocator}/tokens","getUserTokens","false","ReadOnly","false"
"User","POST","/app/rest/users/{userLocator}/tokens","addUserToken","false","Update","false"
"User","DELETE","/app/rest/users/{userLocator}/tokens/{name}","deleteUserToken","false","Update","false"
"User","GET","/app/rest/users/{userLocator}/{field}","getUserField","false","ReadOnly","false"
"User","PUT","/app/rest/users/{userLocator}/{field}","setUserField","false","Update","false"
"User","DELETE","/app/rest/users/{userLocator}/{field}","deleteUserField","false","Update","false"
"VcsRootInstance","GET","/app/rest/vcs-root-instances","getAllVcsRootInstances","false","ReadOnly","false"
"VcsRootInstance","POST","/app/rest/vcs-root-instances/checkingForChangesQueue","requestPendingChangesCheck","false","Update","false"
"VcsRootInstance","POST","/app/rest/vcs-root-instances/commitHookNotification","triggerCommitHookNotification","false","Update","false"
"VcsRootInstance","GET","/app/rest/vcs-root-instances/{vcsRootInstanceLocator}","getVcsRootInstance","false","ReadOnly","false"
"VcsRootInstance","GET","/app/rest/vcs-root-instances/{vcsRootInstanceLocator}/files/latest","getFilesList","false","ReadOnly","false"
"VcsRootInstance","GET","/app/rest/vcs-root-instances/{vcsRootInstanceLocator}/files/latest/archived{path}","getZippedFile","false","ReadOnly","false"
"VcsRootInstance","GET","/app/rest/vcs-root-instances/{vcsRootInstanceLocator}/files/latest/files{path}","downloadFile","false","ReadOnly","false"
"VcsRootInstance","GET","/app/rest/vcs-root-instances/{vcsRootInstanceLocator}/files/latest/metadata{path}","getFileMetadata","false","ReadOnly","false"
"VcsRootInstance","GET","/app/rest/vcs-root-instances/{vcsRootInstanceLocator}/files/latest/{path}","getFilesListForSubpath","false","ReadOnly","false"
"VcsRootInstance","GET","/app/rest/vcs-root-instances/{vcsRootInstanceLocator}/properties","getVcsRootInstanceProperties","false","ReadOnly","false"
"VcsRootInstance","GET","/app/rest/vcs-root-instances/{vcsRootInstanceLocator}/repositoryState","getVcsRootInstanceRepositoryState","false","ReadOnly","false"
"VcsRootInstance","PUT","/app/rest/vcs-root-instances/{vcsRootInstanceLocator}/repositoryState","setVcsRootInstanceRepositoryState","false","Update","false"
"VcsRootInstance","DELETE","/app/rest/vcs-root-instances/{vcsRootInstanceLocator}/repositoryState","deleteVcsRootInstanceRepositoryState","false","Update","false"
"VcsRootInstance","GET","/app/rest/vcs-root-instances/{vcsRootInstanceLocator}/repositoryState/creationDate","getVcsRootInstanceCreationDate","false","ReadOnly","false"
"VcsRootInstance","GET","/app/rest/vcs-root-instances/{vcsRootInstanceLocator}/{field}","getVcsRootInstanceField","false","ReadOnly","false"
"VcsRootInstance","PUT","/app/rest/vcs-root-instances/{vcsRootInstanceLocator}/{field}","setVcsRootInstanceField","false","Update","false"
"VcsRootInstance","DELETE","/app/rest/vcs-root-instances/{vcsRootInstanceLocator}/{field}","deleteVcsRootInstanceField","false","Update","false"
"VcsRoot","GET","/app/rest/vcs-roots","getAllVcsRoots","false","ReadOnly","false"
"VcsRoot","POST","/app/rest/vcs-roots","addVcsRoot","false","Update","false"
"VcsRoot","GET","/app/rest/vcs-roots/{vcsRootLocator}","getRootEndpoints","false","ReadOnly","false"
"VcsRoot","DELETE","/app/rest/vcs-roots/{vcsRootLocator}","deleteVcsRoot","false","Update","false"
"VcsRoot","GET","/app/rest/vcs-roots/{vcsRootLocator}/instances","getVcsRootInstances","false","ReadOnly","false"
"VcsRoot","GET","/app/rest/vcs-roots/{vcsRootLocator}/properties","getAllVcsRootProperties","false","ReadOnly","false"
"VcsRoot","PUT","/app/rest/vcs-roots/{vcsRootLocator}/properties","setVcsRootProperties","false","Update","false"
"VcsRoot","DELETE","/app/rest/vcs-roots/{vcsRootLocator}/properties","deleteAllVcsRootProperties","false","Update","false"
"VcsRoot","GET","/app/rest/vcs-roots/{vcsRootLocator}/properties/{name}","getVcsRootProperty","false","ReadOnly","false"
"VcsRoot","PUT","/app/rest/vcs-roots/{vcsRootLocator}/properties/{name}","setVcsRootProperty","false","Update","false"
"VcsRoot","DELETE","/app/rest/vcs-roots/{vcsRootLocator}/properties/{name}","deleteVcsRootProperty","false","Update","false"
"VcsRoot","GET","/app/rest/vcs-roots/{vcsRootLocator}/settingsFile","getVcsRootSettingsFile","false","ReadOnly","false"
"VcsRoot","GET","/app/rest/vcs-roots/{vcsRootLocator}/{field}","getVcsRootField","false","ReadOnly","false"
"VcsRoot","PUT","/app/rest/vcs-roots/{vcsRootLocator}/{field}","setVcsRootField","false","Update","false"
"Root","GET","/app/rest/version","getVersion","false","ReadOnly","false"
